[
    {
        "id": "d0aa597b6d9e0cfb",
        "type": "tab",
        "label": "Flow 1",
        "disabled": false,
        "info": "",
        "env": []
    },
    {
        "id": "e28ca5a891745f4e",
        "type": "change",
        "z": "d0aa597b6d9e0cfb",
        "name": "para watson",
        "rules": [
            {
                "t": "set",
                "p": "salvarTypeParaDepois",
                "pt": "msg",
                "to": "payload.type",
                "tot": "msg"
            },
            {
                "t": "set",
                "p": "salvarChatIdParaDepois",
                "pt": "msg",
                "to": "payload.chatId",
                "tot": "msg"
            },
            {
                "t": "set",
                "p": "payload",
                "pt": "msg",
                "to": "payload.content",
                "tot": "msg"
            }
        ],
        "action": "",
        "property": "",
        "from": "",
        "to": "",
        "reg": false,
        "x": 370,
        "y": 420,
        "wires": [
            [
                "27a070a1f0f28c69",
                "8af154ee1d4f9edc"
            ]
        ]
    },
    {
        "id": "27a070a1f0f28c69",
        "type": "debug",
        "z": "d0aa597b6d9e0cfb",
        "name": "debug VARIAVEIS",
        "active": true,
        "tosidebar": true,
        "console": false,
        "tostatus": false,
        "complete": "true",
        "targetType": "full",
        "statusVal": "",
        "statusType": "auto",
        "x": 650,
        "y": 420,
        "wires": []
    },
    {
        "id": "deb44aa2b70e7e96",
        "type": "telegram sender",
        "z": "d0aa597b6d9e0cfb",
        "name": "",
        "bot": "68bc52c2e3d1d664",
        "haserroroutput": false,
        "outputs": 1,
        "x": 1230,
        "y": 480,
        "wires": [
            []
        ]
    },
    {
        "id": "9d0b12834077b860",
        "type": "debug",
        "z": "d0aa597b6d9e0cfb",
        "name": "debug TELEGRAM",
        "active": true,
        "tosidebar": true,
        "console": false,
        "tostatus": false,
        "complete": "payload",
        "targetType": "msg",
        "statusVal": "",
        "statusType": "auto",
        "x": 370,
        "y": 100,
        "wires": []
    },
    {
        "id": "4dfafbadc25986d6",
        "type": "debug",
        "z": "d0aa597b6d9e0cfb",
        "name": "debug WATSON",
        "active": true,
        "tosidebar": true,
        "console": false,
        "tostatus": false,
        "complete": "true",
        "targetType": "full",
        "statusVal": "",
        "statusType": "auto",
        "x": 860,
        "y": 540,
        "wires": []
    },
    {
        "id": "17cb06c216663074",
        "type": "watson-speech-to-text",
        "z": "d0aa597b6d9e0cfb",
        "name": "",
        "alternatives": 1,
        "speakerlabels": true,
        "smartformatting": false,
        "lang": "pt-BR",
        "langhidden": "pt-BR",
        "langcustom": "NoCustomisationSetting",
        "langcustomhidden": "",
        "custom-weight": "0.5",
        "band": "BroadbandModel",
        "bandhidden": "",
        "keywords": "",
        "keywords-threshold": "0.5",
        "word-confidence": false,
        "password": "",
        "apikey": "uZxdQqlhDSBPqoTVA_7qsufhb-FXBBQSKnJ0T_JrohMH",
        "payload-response": true,
        "streaming-mode": false,
        "streaming-mute": true,
        "auto-connect": false,
        "discard-listening": false,
        "disable-precheck": false,
        "service-endpoint": "https://api.au-syd.speech-to-text.watson.cloud.ibm.com/instances/3098f220-7a14-4ff9-b64a-cb0336d11b49",
        "x": 640,
        "y": 280,
        "wires": [
            [
                "66eae46e516f7a5f",
                "bdf9cc4d3a1182ed"
            ]
        ]
    },
    {
        "id": "66eae46e516f7a5f",
        "type": "debug",
        "z": "d0aa597b6d9e0cfb",
        "name": "debug 1",
        "active": true,
        "tosidebar": true,
        "console": false,
        "tostatus": false,
        "complete": "false",
        "statusVal": "",
        "statusType": "auto",
        "x": 840,
        "y": 220,
        "wires": []
    },
    {
        "id": "0979ac7e739ad02e",
        "type": "change",
        "z": "d0aa597b6d9e0cfb",
        "name": "",
        "rules": [
            {
                "t": "set",
                "p": "salvarChatIdParaDepois",
                "pt": "msg",
                "to": "payload.chatId",
                "tot": "msg"
            },
            {
                "t": "set",
                "p": "payload",
                "pt": "msg",
                "to": "payload.weblink",
                "tot": "msg"
            },
            {
                "t": "set",
                "p": "salvarTypeParaDepois",
                "pt": "msg",
                "to": "message",
                "tot": "str"
            }
        ],
        "action": "",
        "property": "",
        "from": "",
        "to": "",
        "reg": false,
        "x": 380,
        "y": 280,
        "wires": [
            [
                "4d12f6423a60056f",
                "17cb06c216663074"
            ]
        ]
    },
    {
        "id": "de0a89c7d67dfd6e",
        "type": "switch",
        "z": "d0aa597b6d9e0cfb",
        "name": "",
        "property": "payload.type",
        "propertyType": "msg",
        "rules": [
            {
                "t": "eq",
                "v": "voice",
                "vt": "str"
            },
            {
                "t": "eq",
                "v": "message",
                "vt": "str"
            }
        ],
        "checkall": "true",
        "repair": false,
        "outputs": 2,
        "x": 110,
        "y": 360,
        "wires": [
            [
                "0979ac7e739ad02e"
            ],
            [
                "e28ca5a891745f4e"
            ]
        ]
    },
    {
        "id": "d64bd3e8141249c3",
        "type": "telegram receiver",
        "z": "d0aa597b6d9e0cfb",
        "name": "",
        "bot": "68bc52c2e3d1d664",
        "saveDataDir": "",
        "filterCommands": false,
        "x": 110,
        "y": 100,
        "wires": [
            [
                "9d0b12834077b860",
                "cc4bbc12cd8a23c8"
            ],
            []
        ]
    },
    {
        "id": "aa0c8f298c33cc6c",
        "type": "watson-text-to-speech",
        "z": "d0aa597b6d9e0cfb",
        "name": "",
        "lang": "pt-BR",
        "langhidden": "pt-BR",
        "langcustom": "NoCustomisationSetting",
        "langcustomhidden": "",
        "voice": "pt-BR_IsabelaV3Voice",
        "voicehidden": "",
        "format": "audio/wav",
        "password": "",
        "apikey": "fzidCi03mUBK0-n1tjOBxBh5BJXsAjjJoXj8ubKUqaZL",
        "payload-response": false,
        "service-endpoint": "https://api.au-syd.text-to-speech.watson.cloud.ibm.com/instances/acb57767-9bb4-4de8-8e95-0c5394b91a0b",
        "x": 1060,
        "y": 340,
        "wires": [
            [
                "44f44b6b3be572a9"
            ]
        ]
    },
    {
        "id": "5b73117afa5a1e92",
        "type": "function",
        "z": "d0aa597b6d9e0cfb",
        "name": "function 1",
        "func": "const respostaTexto = msg.payload.output?.generic?.[0]?.text || \"Erro ao gerar resposta.\";\n\n// Resposta para o Telegram\nmsg.payload = {\n  chatId: msg.salvarChatIdParaDepois || msg.originalMessage?.chat?.id,\n  type: \"message\",\n  content: respostaTexto\n};\n\n// Também serve para enviar ao TTS, se quiser\nmsg.respostaParaAudio = respostaTexto;\n\nreturn msg;",
        "outputs": 1,
        "timeout": 0,
        "noerr": 0,
        "initialize": "",
        "finalize": "",
        "libs": [],
        "x": 840,
        "y": 480,
        "wires": [
            [
                "deb44aa2b70e7e96"
            ]
        ]
    },
    {
        "id": "8af154ee1d4f9edc",
        "type": "watson-assistant-v2",
        "z": "d0aa597b6d9e0cfb",
        "name": "",
        "service-endpoint": "https://api.au-syd.assistant.watson.cloud.ibm.com/instances/51aef3e2-febb-41a4-8262-4fc5f167a420",
        "assistant_id": "9ce0d0e1-1346-4050-98a2-a69c2ddb65bf",
        "debug": false,
        "restart": false,
        "return_context": true,
        "alternate_intents": false,
        "multisession": false,
        "timeout": "",
        "optout-learning": false,
        "persist-session-id": false,
        "x": 630,
        "y": 480,
        "wires": [
            [
                "4dfafbadc25986d6",
                "5b73117afa5a1e92"
            ]
        ]
    },
    {
        "id": "4d12f6423a60056f",
        "type": "debug",
        "z": "d0aa597b6d9e0cfb",
        "name": "debug 4",
        "active": true,
        "tosidebar": true,
        "console": false,
        "tostatus": false,
        "complete": "false",
        "statusVal": "",
        "statusType": "auto",
        "x": 620,
        "y": 220,
        "wires": []
    },
    {
        "id": "cc4bbc12cd8a23c8",
        "type": "function",
        "z": "d0aa597b6d9e0cfb",
        "name": "function 3",
        "func": "if (msg.payload && msg.payload.chat && msg.payload.chat.id) {\n    msg.salvarChatIdParaDepois = msg.payload.chat.id;\n} else if (msg.originalMessage && msg.originalMessage.chat && msg.originalMessage.chat.id) {\n    msg.salvarChatIdParaDepois = msg.originalMessage.chat.id;\n}\nreturn msg;",
        "outputs": 1,
        "timeout": 0,
        "noerr": 0,
        "initialize": "",
        "finalize": "",
        "libs": [],
        "x": 100,
        "y": 280,
        "wires": [
            [
                "de0a89c7d67dfd6e"
            ]
        ]
    },
    {
        "id": "bbf92f4f2de70f18",
        "type": "function",
        "z": "d0aa597b6d9e0cfb",
        "name": "Function Texto para TTS",
        "func": "const respostaTexto = msg.payload.output?.generic?.[0]?.text || \"Erro ao gerar resposta.\";\n\nmsg.payload = respostaTexto;\nmsg.salvarChatIdParaDepois = msg.salvarChatIdParaDepois || msg.originalMessage?.chat?.id;\n\nreturn msg;",
        "outputs": 1,
        "timeout": "",
        "noerr": 0,
        "initialize": "",
        "finalize": "",
        "libs": [],
        "x": 1070,
        "y": 280,
        "wires": [
            [
                "aa0c8f298c33cc6c"
            ]
        ]
    },
    {
        "id": "44f44b6b3be572a9",
        "type": "function",
        "z": "d0aa597b6d9e0cfb",
        "name": "Resposta de áudio Telegram",
        "func": "msg.payload = {\n    chatId: msg.salvarChatIdParaDepois,\n    type: \"voice\",\n    content: msg.payload  // buffer de áudio vindo do TTS\n};\n\nreturn msg;",
        "outputs": 1,
        "timeout": "",
        "noerr": 0,
        "initialize": "",
        "finalize": "",
        "libs": [],
        "x": 1320,
        "y": 340,
        "wires": [
            [
                "deb44aa2b70e7e96"
            ]
        ]
    },
    {
        "id": "bdf9cc4d3a1182ed",
        "type": "watson-assistant-v2",
        "z": "d0aa597b6d9e0cfb",
        "name": "",
        "service-endpoint": "https://api.au-syd.assistant.watson.cloud.ibm.com/instances/51aef3e2-febb-41a4-8262-4fc5f167a420",
        "assistant_id": "9ce0d0e1-1346-4050-98a2-a69c2ddb65bf",
        "debug": false,
        "restart": false,
        "return_context": true,
        "alternate_intents": false,
        "multisession": false,
        "timeout": "",
        "optout-learning": false,
        "persist-session-id": false,
        "x": 850,
        "y": 280,
        "wires": [
            [
                "bbf92f4f2de70f18"
            ]
        ]
    },
    {
        "id": "68bc52c2e3d1d664",
        "type": "telegram bot",
        "botname": "hc_usp_bot",
        "usernames": "",
        "chatids": "",
        "baseapiurl": "",
        "testenvironment": false,
        "updatemode": "polling",
        "pollinterval": "300",
        "usesocks": false,
        "sockshost": "",
        "socksprotocol": "socks5",
        "socksport": "6667",
        "socksusername": "anonymous",
        "sockspassword": "",
        "bothost": "",
        "botpath": "",
        "localbotport": "8443",
        "publicbotport": "8443",
        "privatekey": "",
        "certificate": "",
        "useselfsignedcertificate": false,
        "sslterminated": false,
        "verboselogging": false
    }
]